{"cameraMode":{"drawMode":0,"name":"Shaded","section":"Shading Mode"},"sceneLighting":true,"audioPlay":false,"sceneViewState":{"m_AlwaysRefresh":false,"showFog":true,"showSkybox":true,"showFlares":true,"showImageEffects":true,"showParticleSystems":true,"showVisualEffectGraphs":true,"m_FxEnabled":true},"in2DMode":false,"pivot":{"x":1.1693717241287232,"y":0.9074695706367493,"z":-3.0920963287353517},"rotation":{"x":-0.2168891727924347,"y":0.0306991133838892,"z":-0.01184297539293766,"w":-0.9761130213737488},"size":3.8868587017059328,"orthographic":false}