{"cameraMode":{"drawMode":0,"name":"Shaded","section":"Shading Mode"},"sceneLighting":true,"audioPlay":false,"sceneViewState":{"m_AlwaysRefresh":false,"showFog":true,"showSkybox":true,"showFlares":true,"showImageEffects":true,"showParticleSystems":true,"showVisualEffectGraphs":true,"m_FxEnabled":true},"in2DMode":false,"pivot":{"x":-22.804954528808595,"y":5.523599147796631,"z":6.913564682006836},"rotation":{"x":-0.09230494499206543,"y":0.07543541491031647,"z":-0.008803392760455609,"w":-0.9931938648223877},"size":1.6394727230072022,"orthographic":false}