{"cameraMode":{"drawMode":0,"name":"Shaded","section":"Shading Mode"},"sceneLighting":true,"audioPlay":false,"sceneViewState":{"m_AlwaysRefresh":false,"showFog":true,"showSkybox":true,"showFlares":true,"showImageEffects":true,"showParticleSystems":true,"showVisualEffectGraphs":true,"m_FxEnabled":true},"in2DMode":false,"pivot":{"x":-13.807229042053223,"y":24.502140045166017,"z":-31.846721649169923},"rotation":{"x":-0.3210752308368683,"y":0.010988198220729828,"z":-0.007986875250935555,"w":-0.9474112391471863},"size":0.8660253882408142,"orthographic":false}