{"cameraMode":{"drawMode":0,"name":"Shaded","section":"Shading Mode"},"sceneLighting":true,"audioPlay":false,"sceneViewState":{"m_AlwaysRefresh":false,"showFog":true,"showSkybox":true,"showFlares":true,"showImageEffects":true,"showParticleSystems":true,"showVisualEffectGraphs":true,"m_FxEnabled":true},"in2DMode":false,"pivot":{"x":-23.455944061279298,"y":15.213698387145996,"z":-48.63662338256836},"rotation":{"x":-0.1285492181777954,"y":-0.012953859753906727,"z":-0.0030179480090737344,"w":-0.9920458793640137},"size":1.8680790662765504,"orthographic":false}