{"cameraMode":{"drawMode":0,"name":"Shaded","section":"Shading Mode"},"sceneLighting":true,"audioPlay":false,"sceneViewState":{"m_AlwaysRefresh":false,"showFog":true,"showSkybox":true,"showFlares":true,"showImageEffects":true,"showParticleSystems":true,"showVisualEffectGraphs":true,"m_FxEnabled":true},"in2DMode":false,"pivot":{"x":-2.1568944454193117,"y":3.7061171531677248,"z":8.236770629882813},"rotation":{"x":0.12101217359304428,"y":-0.008270262740552426,"z":0.0010069934651255608,"w":0.9926366209983826},"size":5.61481237411499,"orthographic":false}