{"cameraMode":{"drawMode":0,"name":"Shaded","section":"Shading Mode"},"sceneLighting":true,"audioPlay":false,"sceneViewState":{"m_AlwaysRefresh":false,"showFog":true,"showSkybox":true,"showFlares":true,"showImageEffects":true,"showParticleSystems":true,"showVisualEffectGraphs":true,"m_FxEnabled":true},"in2DMode":false,"pivot":{"x":0.05069534480571747,"y":7.407132625579834,"z":-20.320091247558595},"rotation":{"x":-0.18467263877391816,"y":0.029099542647600175,"z":-0.006561347749084234,"w":-0.9825952053070068},"size":1.2315753698349,"orthographic":false}