{"cameraMode":{"drawMode":0,"name":"Shaded","section":"Shading Mode"},"sceneLighting":true,"audioPlay":false,"sceneViewState":{"m_AlwaysRefresh":false,"showFog":true,"showSkybox":true,"showFlares":true,"showImageEffects":true,"showParticleSystems":true,"showVisualEffectGraphs":true,"m_FxEnabled":true},"in2DMode":false,"pivot":{"x":-9.307639122009278,"y":0.19679296016693116,"z":14.015312194824219},"rotation":{"x":0.032141659408807757,"y":-0.7393415570259094,"z":0.035371407866477969,"w":0.6716548800468445},"size":5.3730268478393559,"orthographic":false}