{"cameraMode":{"drawMode":0,"name":"Shaded","section":"Shading Mode"},"sceneLighting":true,"audioPlay":false,"sceneViewState":{"m_AlwaysRefresh":false,"showFog":true,"showSkybox":true,"showFlares":true,"showImageEffects":true,"showParticleSystems":true,"showVisualEffectGraphs":true,"m_FxEnabled":true},"in2DMode":false,"pivot":{"x":6.015897750854492,"y":5.215567588806152,"z":9.069914817810059},"rotation":{"x":-0.11045147478580475,"y":0.048226404935121539,"z":-0.0056641423143446449,"w":-0.9928034543991089},"size":6.475350856781006,"orthographic":false}