{"cameraMode":{"drawMode":0,"name":"Shaded","section":"Shading Mode"},"sceneLighting":true,"audioPlay":false,"sceneViewState":{"m_AlwaysRefresh":false,"showFog":true,"showSkybox":true,"showFlares":true,"showImageEffects":true,"showParticleSystems":true,"showVisualEffectGraphs":true,"m_FxEnabled":true},"in2DMode":false,"pivot":{"x":-21.58607292175293,"y":-72.00730895996094,"z":483.2314758300781},"rotation":{"x":-0.07923389971256256,"y":0.006752705667167902,"z":-0.003037917660549283,"w":-0.9972438812255859},"size":296.6352844238281,"orthographic":false}