{"cameraMode":{"drawMode":0,"name":"Shaded","section":"Shading Mode"},"sceneLighting":true,"audioPlay":false,"sceneViewState":{"m_AlwaysRefresh":false,"showFog":true,"showSkybox":true,"showFlares":true,"showImageEffects":true,"showParticleSystems":true,"showVisualEffectGraphs":true,"m_FxEnabled":true},"in2DMode":false,"pivot":{"x":1.6474229097366334,"y":-4.149450302124023,"z":32.123470306396487},"rotation":{"x":-0.14084571599960328,"y":0.005059550050646067,"z":-0.0006268448196351528,"w":-0.9900667071342468},"size":29.390419006347658,"orthographic":false}