{"cameraMode":{"drawMode":0,"name":"Shaded","section":"Shading Mode"},"sceneLighting":true,"audioPlay":false,"sceneViewState":{"m_AlwaysRefresh":false,"showFog":true,"showSkybox":true,"showFlares":true,"showImageEffects":true,"showParticleSystems":true,"showVisualEffectGraphs":true,"m_FxEnabled":true},"in2DMode":false,"pivot":{"x":-3.897756338119507,"y":0.011861801147460938,"z":52.80376434326172},"rotation":{"x":-0.09911657124757767,"y":0.024468867108225824,"z":-0.0024799604434520008,"w":-0.9947942495346069},"size":29.390419006347658,"orthographic":false}