{"cameraMode":{"drawMode":0,"name":"Shaded","section":"Shading Mode"},"sceneLighting":true,"audioPlay":false,"sceneViewState":{"m_AlwaysRefresh":false,"showFog":true,"showSkybox":true,"showFlares":true,"showImageEffects":true,"showParticleSystems":true,"showVisualEffectGraphs":true,"m_FxEnabled":true},"in2DMode":false,"pivot":{"x":-4.390661239624023,"y":-11.67336368560791,"z":38.572574615478519},"rotation":{"x":-0.17188537120819093,"y":0.02717585861682892,"z":-0.004781492054462433,"w":-0.9847406148910523},"size":29.390419006347658,"orthographic":false}